model,fold,n_train,n_val,loss,accuracy,auc,precision,recall
custom_cnn,0,313,81,0.8108142018318176,0.7283950448036194,0.8204931020736694,0.0,0.0
custom_cnn,1,312,82,1.0462807416915894,0.707317054271698,0.8079044818878174,0.75,0.44117647409439087
custom_cnn,2,322,72,0.8079348802566528,0.7638888955116272,0.8634933233261108,0.8181818127632141,0.5806451439857483
custom_cnn,3,313,81,0.6926866173744202,0.8518518805503845,0.8527851104736328,0.9473684430122375,0.6206896305084229
custom_cnn,4,316,78,4.043503761291504,0.3205128312110901,0.5,0.3205128312110901,1.0
