model,fold,n_train,n_val,loss,accuracy,auc,precision,recall
inception_v3,0,313,81,0.5940008759498596,0.790123462677002,0.7411401867866516,0.6190476417541504,0.5909090638160706
inception_v3,1,312,82,0.598798394203186,0.7195122241973877,0.8103554248809814,0.6341463327407837,0.7647058963775635
inception_v3,2,322,72,0.6069375276565552,0.7777777910232544,0.7671124935150146,0.8260869383811951,0.6129032373428345
inception_v3,3,313,81,0.4895850419998169,0.8148148059844971,0.9008620381355286,0.6944444179534912,0.8620689511299133
inception_v3,4,316,78,0.6215958595275879,0.692307710647583,0.7109434008598328,0.5185185074806213,0.5600000023841858
