model,fold,n_train,n_val,loss,accuracy,auc,precision,recall
vgg16,0,313,81,0.5403053164482117,0.790123462677002,0.776964545249939,0.5925925970077515,0.7272727489471436
vgg16,1,312,82,0.5753619074821472,0.707317054271698,0.7935049533843994,0.6315789222717285,0.7058823704719543
vgg16,2,322,72,0.49717071652412415,0.8333333134651184,0.8005507588386536,0.9523809552192688,0.6451612710952759
vgg16,3,313,81,0.41997140645980835,0.8641975522041321,0.9379973411560059,0.78125,0.8620689511299133
vgg16,4,316,78,0.5952813625335693,0.692307710647583,0.7724528312683105,0.5135135054588318,0.7599999904632568
