model,fold,n_train,n_val,loss,accuracy,auc,precision,recall
xception,0,313,81,0.5841940641403198,0.7407407164573669,0.6995377540588379,0.52173912525177,0.5454545617103577
xception,1,312,82,0.580612301826477,0.7804877758026123,0.8063725829124451,0.7105262875556946,0.7941176295280457
xception,2,322,72,0.6169868111610413,0.75,0.7671124935150146,0.8095238208770752,0.5483871102333069
xception,3,313,81,0.502118706703186,0.790123462677002,0.8958885669708252,0.6578947305679321,0.8620689511299133
xception,4,316,78,0.5035654902458191,0.7948718070983887,0.8494340181350708,0.7142857313156128,0.6000000238418579
