Model,Accuracy,Precision,Recall,Specificity,F1-Score,AUC-ROC
SVM,0.782608695652174,0.9333333333333333,0.42424242424242425,0.9830508474576272,0.5833333333333333,0.8531073446327684
VGG16,0.7934782608695652,0.7916666666666666,0.5757575757575758,0.9152542372881356,0.6666666666666667,0.8505392912172574
RESNET50,0.7608695652173914,0.8666666666666667,0.3939393939393939,0.9661016949152542,0.5416666666666666,0.8371854134565999
CUSTOM_CNN,0.75,0.7083333333333334,0.5151515151515151,0.8813559322033898,0.5964912280701754,0.8145865434001027
XCEPTION,0.8043478260869565,0.8571428571428571,0.5454545454545454,0.9491525423728814,0.6666666666666665,0.8084232152028761
INCEPTION_V3,0.8260869565217391,0.84,0.6363636363636364,0.9322033898305084,0.7241379310344828,0.8079096045197739
